{
    "$schema": "https://schema.management.azure.com/schemas/2015-01-01/deploymentParameters.json#",
    "contentVersion": "1.0.0.0",
    "parameters": {
        "name": {
            "value": "RogerDarwinDF"
        },
        "location": {
            "value": "EastUS"
        },
        "apiVersion": {
            "value": "2018-06-01"
        },
        "gitAccountName": {
            "value": "syedmaroofali"
        },
        "gitRepositoryName": {
            "value": "DFRogersDar"
        },
        "gitBranchName": {
            "value": "master"
        },
        "gitRootFolder": {
            "value": "/"
        }
    }
}