{
    "$schema": "https://schema.management.azure.com/schemas/2015-01-01/deploymentTemplate.json#",
    "contentVersion": "1.0.0.0",
    "parameters": {
        "name": {
            "defaultValue": "myv2datafactory",
            "type": "String"
        },
        "location": {
            "defaultValue": "East US",
            "type": "String"
        },
        "apiVersion": {
            "defaultValue": "2018-06-01",
            "type": "String"
        },
        "gitAccountName": {
            "type": "String"
        },
        "gitRepositoryName": {
            "type": "String"
        },
        "gitBranchName": {
            "defaultValue": "master",
            "type": "String"
        },
        "gitRootFolder": {
            "defaultValue": "/",
            "type": "String"
        }
    },
    "resources": [
        {
            "type": "Microsoft.DataFactory/factories",
            "apiVersion": "[parameters('apiVersion')]",
            "name": "[parameters('name')]",
            "location": "[parameters('location')]",
            "identity": {
                "type": "SystemAssigned"
            },
            "properties": {
                "repoConfiguration": {
                    "type": "FactoryGitHubConfiguration",
                    "accountName": "[parameters('gitAccountName')]",
                    "repositoryName": "[parameters('gitRepositoryName')]",
                    "collaborationBranch": "[parameters('gitBranchName')]",
                    "rootFolder": "[parameters('gitRootFolder')]"
                }
            }
        }
    ]
}